tag,site,header,date,views,link,text
business,kommersant,ФАС не зафиксировала ажиотажа и роста цен на топливо в Крыму,2022-10-08,,https://www.kommersant.ru/doc/5606265,"Федеральная антимонопольная служба (ФАС) РФ поручила крымскому подразделению усилить контроль за ценами на нефтепродукты. Пока служба не зафиксировала роста цен. «Ажиотажный спрос после обеда не наблюдался, запасов нефтепродуктов достаточно для удовлетворения спроса»,— говорится в сообщении ФАС. Территориальному подразделению поручено оперативно принимать меры при выявлении роста цен.В Крыму утром на фоне взрыва на Крымском мосту образовались очереди на заправках. В Минэнерго утверждают, что на данный момент Крым полностью обеспечен автомобильным топливом. Запасов бензина и дизельного топлива на полуострове сейчас хватает минимум на 15 дней, идет работа по обеспечению продолжения подвоза.   Подробнее о взрыве — в публикации «Ъ» «Крымский мост перекрыли террористы»."
business,kommersant,"Саудовская Аравия отрицает, что сокращает добычу нефти для причинения ущерба США",2022-10-08,,https://www.kommersant.ru/doc/5606052,"Саудовская Аравия не использует нефть в качестве оружия, заявил государственный министр по иностранным делам Саудовской Аравии Адель аль-Джубейр. Он назвал неверной мысль о том, что Эр-Рияд сокращает добычу вместе с ОПЕК+ для того, чтобы навредить США. «Нефть — это не оружие. Это не истребитель. Это не танк. Из нее нельзя стрелять. Мы рассматриваем нефть как товар и как важную часть мировой экономики… Идея о том, что Саудовская Аравия делает это, чтобы навредить США или из политической вовлеченности, в корне неверна»,— сказал министр Fox News.Эр-Рияд утверждает, что ОПЕК+ сокращает добычу нефти в качестве упреждающей меры, чтобы не допустить краха энергетического рынка. По словам министра, Саудовская Аравия хочет сохранить стабильность на рынке нефти в интересах стран-производителей и стран-покупателей.Государства—участники ОПЕК+ ранее на этой неделе согласились на сокращение добычи нефти на 2 млн баррелей в сутки. Это самое большое сокращение с 2020 года. Президент США Джо Байден назвал решение близоруким, США готовят на него ответ.   О сокращении добычи — в материале «Ъ» «ОПЕК+ засушила рукава»."
business,kommersant,Минфин США назвал решение ОПЕК+ сократить добычу нефти «бесполезным и неразумным»,2022-10-09,,https://www.kommersant.ru/doc/5606297,"Глава Минфина США Джанет Йеллен заявила, что решение ОПЕК+ сократить добычу нефти на 2 млн баррелей в сутки — «бесполезное и неразумное» для мировой экономики. Она также раскритиковала страны Запада за медленные темпы финансовой помощи Украине. «Мы очень обеспокоены развивающимися странами и проблемами, с которыми они сталкиваются»,— сказала Джанет Йеллен в интервью Financial Times. Госпожа Йеллен также назвала темпы переводов финансовой помощи Украине «слишком медленными». По ее словам, некоторые страны, которые обещали оказать финансовую поддержку Украине, так этого и не сделали. На этой неделе страны ОПЕК+ согласились сократить добычу нефти на 2 млн баррелей в сутки, что стало самым большим сокращением с 2020 года. Президент США Джо Байден назвал решение близоруким, в США готовят на него ответ. В Саудовской Аравии заявили, что решение принято в качестве упреждающей меры, чтобы не допустить краха энергетического рынка. Подробнее — в публикации «Ъ» «ОПЕК+ засушила рукава»."
business,kommersant,Минтранс сообщил о стабильной работе паромной переправы в Крым,2022-10-09,,https://www.kommersant.ru/doc/5606286,"Паромная переправа в Крым стабильно работает, заявил Минтранс РФ. Рано утром сегодня, 9 октября, паром «Керченский-2» вышел в третий рейс.Первый паром отправился из Крыма в 1:52. Он доставил в порт Кавказ 16 грузовых автомобилей и 25 пассажиров. В порту Кавказ на паром загрузили новые автомобили и доставили их в Крым. В третий рейс паром вышел в 5:50, на его борту 10 автомобилей и 39 пассажиров.Власти открыли паромное сообщение из-за взрыва на Крымском мосту, который произошел утром 8 октября. Были обрушены два пролета автомобильного полотна, ведущего из Краснодара в Керчь. Движение по автомобильному мосту восстановлено по одной полосе в реверсивном режиме. Движение по железнодорожному полотну восстановлено. Подробнее о взрыве — в публикации «Ъ» «Крымский мост перекрыли террористы»."
business,kommersant,Япония по-прежнему считает «Сахалин-1» важным проектом для страны,2022-10-09,,https://www.kommersant.ru/doc/5606276,"Проект «Сахалин-1» является важным для диверсификации поставок нефти в Японию, заявил министр экономики, торговли и промышленности Ясутоси Нисимура. Таким образом он прокомментировал передачу имущества проекта новому российскому оператору. Сейчас Токио не импортирует нефть с этого проекта. «Япония в импорте нефти на 90% зависит от Ближнего Востока, а сейчас уже на 95%, и в этих условиях проект ""Сахалин-1"" является крайне важным с точки зрения диверсификации. С точки зрения энергобезопасности Японии, а также стабильных поставок это очень важный проект»,— сказал министр NHK (перевод ТАСС). По его словам, правительство изучит решение российской стороны о передаче собственности проекта новому оператору.Президент Владимир Путин подписал указ о создании оператора «Сахалин-1» ранее на этой неделе. Организации будут переданы все права и обязанности действующего оператора Exxon Neftegas Limited. Иностранные участники «Сахалина-1» в течение месяца должны подтвердить согласие принять в собственность пропорциональную долю в новом операторе. Долями в проекте владели американская ExxonMobil (30%), японская Sodeco (30%) и индийская ONGC (20%).О проблемах с проектом «Сахалин-1» из-за ухода ExxonMobil — в публикации «Ъ» «Нефть засахалилась»."
business,kommersant,Норвегия ожидает четырехкратного роста нефтегазовых доходов по итогам года,2022-10-09,,https://www.kommersant.ru/doc/5606271,"Норвегия прогнозирует доход от нефтегазового сектора в 2022 году в размере 1,17 трлн крон (более $109 млрд). Это в четыре раза больше, чем в 2021 году (228 млрд крон).Большая часть доходов пойдет в суверенный фонд национального благосостояния, размер которого уже преодолел отметку $1 трлн. Ожидается, что по итогам 2023 года доходы вырастут еще на 18%, до 1,38 трлн крон.Как утверждает The Washington Post, Норвегию критикуют за такие «непристойные доходы». Газета напоминает, что ранее премьер Польши Матеуш Моравецкий предложил Осло поделиться доходами с Украиной. WP также отмечает, что норвежские чиновники отрицают спекуляции. По их мнению, причиной высоких цен на энергоносители стал дефицит на рынке.По данным Международного энергетического агентства, с января поставки российского газа в Европу в годовом выражении снизились на 45%. В третьем квартале импорт составил менее 10 млрд куб. м (сокращение на 70% год к году). Экспорт в страны Европы увеличила Норвегия — с начала года на 8% (6 млрд куб. м), Азербайджан — на 50% (2,5 млрд куб. м). Основной источник замещения российских поставок — импорт СПГ, он вырос на 65%.Подробнее о поставках — в публикации «Ъ» «Газ занимает предоставленный объем»."
business,kommersant,В трех нитках «Северных потоков» было около 800 млн кубометров газа во время взрывов,2022-09-30,,https://www.kommersant.ru/doc/5592908,"Около 800 млн кубометров газа находилось в трех поврежденных нитках «Северных потоков», заявил официальный представитель «Газпрома» Сергей Куприянов на заседании Совета Безопасности ООН. По его словам, это потребление Дании за три месяца. Господин Куприянов заверил, что «Газпром» ищет возможные решения для возобновления работоспособности газопроводов.«Данные о резком падении давления и утечке газа позволяют с уверенностью говорить о том, что нарушение герметичности газопроводов вызваны физическим повреждением»,— сказал представитель российской компании. Он назвал возобновление работоспособности «Северных потоков» «сложной технической задачей». Трансляция заседания велась на сайте ООН. Господин Куприянов считает, что оценить сроки работ пока невозможно.На «Северных потоках» 26 сентября резко упало давление. На трех нитках были обнаружены утечки. Европейские и российские власти предполагают, что это произошло в результате диверсий. Президент РФ Владимир Путин обвинил во взрывах США. Белый дом считает, что страны НАТО не могли совершить диверсию.Подача газа по «Северному потоку» была приостановлена в сентябре из-за сложностей у «Газпрома» с обслуживанием оборудования, которые возникли из-за ограничений. «Северный поток-2» так и не был введен в эксплуатацию из-за санкций.Подробнее — в материале «Ъ» «Обвинения поставили на поток»."
business,kommersant,Аппаратистские настроения,2022-09-30,,https://www.kommersant.ru/doc/5592897,"30 сентября подразделение Минфина США, занимающееся контролем за иностранными активами (OFAC, Office of Foreign Assets Control), обновило список антироссийских санкций. Под персональные санкции, в частности, попал вице-премьер Александр Новак (курирует ТЭК, в частности, переговорный процесс в рамках ОПЕК+). В списке также оказались председатель Банка России Эльвира Набиуллина (против нее санкции одновременно ввела Великобритания, ранее она попала под санкции Канады и Австралии), первый зампред ЦБ Ольга Скоробогатова.OFAC напомнило читателям, что с тех пор, как Эльвира Набиуллина стала главой ЦБ в 2013 году, она прилагала усилия по защите Кремля от западных санкций, введенных в ответ на присоединение Крыма в 2014 году и после начала СВО на территории Украины в 2022 году. В отношении Ольги Скоробогатовой указывается, что она осуществляет надзор за работой национальной платежной системы «Мир» и операциями ЦБ на российских и зарубежных финансовых рынках. При этом НСПК (оператор «Мира») под санкции не попала, хотя зарубежные банки ограничивают работу с ней (см. “Ъ” от 20 сентября). Сам ЦБ также избежал попадания в черный список США.«Санкции в отношении физических лиц — это некое побуждение к тому, чтобы они перестали занимать соответствующие должности»,— считает партнер компании «Ионцев, Ляховский и партнеры» Игорь Дубов. При этом, по его словам, санкции в отношении госпожи Набиуллиной на ее полномочия внутри РФ никак не влияют, но ее общение с иностранным банковским сообществом будет затруднено. Другой профильный юрист отмечает, что международные коммуникации «с началом СВО если не сведены к минимуму, то очень ограничены».При этом опасений, например, что теперь некому будет подписать какой-либо международный документ, нет. Хотя контрагенты сейчас стараются исключить любые следы взаимоотношений, даже, например, при расторжении договора, стараясь не заключать отдельного соглашения, которое бы потребовало подписей обеих сторон, а обходясь односторонним уведомительным письмом, отмечает юрист.Под ограничения попал и депутат Госдумы Александр Хинштейн. Господин Хинштейн возглавляет комитет Госдумы по информационной политике, IT и связи с 2020 года. Являлся соавтором закона о «приземлении» иностранных IT-гигантов, обязывающего популярные в России зарубежные сервисы открыть в России филиал или представительство, закона о санкциях за цензуру против российских СМИ, закона о штрафах для соцсетей за неудаление противозаконной информации, в том числе содержащей призывы к экстремизму, и других инициатив. До 2020 года был зампредом комитета по безопасности и противодействию коррупции.Так, в санкционные спиcки OFAC попало АО «Радиоавионика», которое, по собственным данным, занимается «проведением исследований и разработок сложных радиоэлектронных комплексов многоцелевого назначения и организацией их серийного производства». При этом, судя по списку интеллектуальной собственности компании (опубликован в «СПАРК-Интерфакс»), «Радиоавионике» принадлежат патенты на ряд изобретений, связанных с беспилотниками: например, среди них есть «комплекс разведки и огневого поражения целей на основе беспилотных летательных аппаратов». Выручка компании за 2020 год (более свежие данные недоступны) превысила 2 млрд руб.Кроме того, в SDN-лист было включено ООО «Ротэк Элпом» — это производитель телекоммуникационного оборудования и устройств интернета вещей (IoT). Компании, судя по базе патентов (она также есть в «СПАРК-Интерфакс»), принадлежат права на товарный знак Raven Black. На сайте Raven Black указано, что одним из продуктов компании является аппаратно-программный комплекс, способный противодействовать «роям микродронов, доставляющих взрывчатку или токсичные вещества на критически важные объекты». Для уничтожения таких дронов, судя по данным на сайте, комплекс использует электромагнитные пушки. Впрочем, компания предлагает продукты не только для уничтожения дронов, но и также комплексы для отпугивания диких птиц и животных с помощью акустических эффектов. Выручка «Ротэк Элпом» по итогам 2021 года составила 3,1 млн руб. В SDN-лист также было включено ЗАО НТЦ «Модуль», российский разработчик процессоров (линейка «Нейро Б»), бортового оборудования и программных комплексов.Собеседники “Ъ”, близкие к правительству, пока не понимают логики американских властей, которые ввели санкции против «малоизвестных компаний». «Возможно, какое-то из перечисленных предприятий засветилось при обеспечении цепочек поставок компонентов из-за рубежа, другого объяснения у меня этому нет»,— говорит один из источников “Ъ”.Одновременно с США о новых антироссийских санкциях объявила Великобритания, запретив России доступ к услугам своих инженерных, архитектурных, аудиторских, юридических и рекламных компаний. Кроме того, власти королевства ввели запрет на поставки в РФ около 700 товаров. До начала обострения отношений между РФ и Западом российские специалисты активно сотрудничали с инженерными и архитектурными фирмами из Британии и использовали их решения. Однако за последнее время эти контакты сошли на нет. Например, в марте об уходе из России объявило бюро Zaha Hadid Architects, работавшее здесь несколько десятилетий. Член комитета по строительству «Деловой России» Хусейн Плиев говорит, что если власти Великобритании запретят доступ российским застройщикам к британским архитектурным бюро, то на российском рынке это существенно не отразится. По его словам, работа с любым иностранным бюро при реализации проекта — в первую очередь маркетинг и создание престижа для покупателей, а всю техническую часть и адаптацию под местные реалии выполняют российские архитекторы. К тому же, работа с иностранными контрагентами осложнилась еще с марта из-за отключения части российских банков от SWIFT, добавляет господин Плиев."
business,kommersant,«Фосагро» изберет нового председателя совета директоров вместо уходящего Шаронова,2022-09-30,,https://www.kommersant.ru/doc/5592881,"Действующий председатель совета директоров «Фосагро» Андрей Шаронов известил компанию о решении сложить свои полномочия. В этой связи 3 октября совет директоров изберет нового председателя, сообщает «Фосагро», не указывая причину решения господина Шаронова.Андрея Шаронова, независимого директора компании, избрали председателем совета директоров 6 июля 2022 года.«Фосагро» является одним из ведущих мировых производителей фосфорсодержащих удобрений.Господин Шаронов среди прочего был народным депутатом СССР (1989–1991 годы), до 1996 года возглавлял Комитет РФ по делам молодежи. С 1996 по 2007 год работал в Министерстве экономического развития и торговли РФ, в том числе замминистра. С 2010 по 2013 год являлся заместителем мэра в правительстве Москвы по вопросам экономической политики. Также был президентом Московской школы управления «Сколково» (2016–2021). С 2022 года является гендиректором Альянса по вопросам устойчивого развития."
business,kommersant,Азербайджан удвоит поставки газа в Европу,2022-09-30,,https://www.kommersant.ru/doc/5592823,"В ближайшие несколько лет Азербайджан в два раза увеличит экспорт газа в европейские страны в рамках подписанного ранее между Евросоюзом и республикой меморандума о стратегическом партнерстве в энергетической сфере.  Об этом заявил президент Азербайджана Ильхам Алиев. «Подтвержденные запасы газа Азербайджана составляют 2,6 трлн кубометров. Новая диверсифицированная газотранспортная инфраструктура позволяет нам поставлять природный газ во многие страны мира. Безусловно, успехи, достигнутые в этой области, являются хорошей основой для дальнейших планов»,— сказал господин Алиев (цитата по Trend).Министр энергетики Азербайджана Парвиз Шахбазов ранее отметил, что в 2022 году поставки азербайджанского газа увеличились на 9,7%. Страна экспортировала 14,4 млрд кубометров газа. В начале сентября господин Алиев также сообщал, что намерен удвоить мощность газопровода TANAP, соединяющего Азербайджан с Европой, с 16 млрд до 32 млрд кубометров. После начала военной операции на Украине Евросоюз ввел санкции в отношении России, в том числе нефтяное эмбарго. В свою очередь Россия сократила поставки газа в Европу, в результате цены на газ выросли до исторических максимумов. Максимальная стоимость газа была зафиксирована 7 марта — €345 за 1 MВт•ч.Кроме того, в сентябре в части газопровода между Россией и Германией «Северный поток» зафиксировали падение давления вследствие утечки газа. Аналитики полагают, что ремонт может занять несколько лет.Подробнее об аварии — в материале «Ъ» «""Северный поток"" утонул тихо»."
business,kommersant,Росавиация объявила отбор авиакомпаний на высвободившиеся 3 млрд рублей субсидий,2022-09-30,,https://www.kommersant.ru/doc/5592824,"Росавиация объявила дополнительный отбор среди авиакомпаний для возмещения операционных расходов при перевозках по внутренним линиям. Всего пассажирским авиакомпаниям было выделено 100 млрд руб. антисанкционных субсидий. Ведомство сообщало, что после подведения промежуточных результатов распределения субсидий образовалась экономия в 3 млрд руб.Отбор авиакомпаний проводится на портале предоставления мер финансовой господдержки. «Заявки на участие в отборе принимаются с 29 сентября по 13 октября 2022 года. Определение победителей — до 21 октября, авиакомпании будут должны заключить соответствующее соглашение с Росавиацией до 27 октября»,— приводит «Интерфакс» выдержку из сообщения пресс-службы Росавиации. Согласно данным портала, будет распределено чуть более 3 млрд руб.В сентябре ведомство сообщало, что средства высвободились из-за сокращения субсидий для семи перевозчиков, в частности 2,4 млрд руб., или почти треть от изначальной суммы, должна вернуть «Ютэйр». Средства будут перераспределены между 12 авиакомпаниями, «которые на сегодня превысили ранее заявленный план», пояснила Росавиация.В августе ведомство отчиталось о распределении субсидий между российскими авиакомпаниями и аэропортами. Им было перечислено 54 млрд руб. В Росавиации тогда уточнили, что общий бюджет четырех программ господдержки авиаотрасли составляет 125,5 млрд руб.Подробнее читайте в публикации «Ъ» «Авиакомпаниям еще не прилетело»."
business,kommersant,"Nord Stream AG сообщила, что не может расследовать инцидент на «Северном потоке»",2022-10-04,,https://www.kommersant.ru/doc/5594742,"Оператор «Северного потока» Nord Stream AG заявил, что из-за отсутствия разрешений у компании пока нет возможности изучить повреждения на газопроводе. Разрешения оператор может получить не менее чем через 20 дней. Об этом сообщается на сайте Nord Stream AG. «На сегодняшний день компания Nord Stream AG не имеет возможности обследовать поврежденные участки газопровода в связи с отсутствием ранее запрошенных необходимых разрешений. По информации, полученной от датских властей, сроки обработки запроса Nord Stream AG на проведение обследования могут составить более 20 рабочих дней»,—  сказано в заявлении.Для обследования нужны разрешения на судоходство, постановку на якорь, водолазные работы, использование управляемых подводных аппаратов, проведение геофизического картографирования. Компания также сообщила, что владелец судна, зафрахтованного ею для проведения расследования, заявил об отсутствии разрешения со стороны МИД Норвегии на отбытие к месту проведения работ.26 сентября в «Северных потоках» резко упало давление, из-за чего произошли утечки газа. Позже Nord Stream AG и «Газпром» сообщили о стабилизации ситуации с давлением. В Швеции и Дании причиной назвали взрывы, мощность каждого оценили в 500 кг тротилового эквивалента. Россия и Запад считают, что инцидент случился преднамеренно, при этом ответственность за него ни одна из сторон на себя не взяла. Подробнее — в материале «Ъ» «Обвинения поставили на поток»."
business,kommersant,У Молдавии замораживается газ,2022-10-04,,https://www.kommersant.ru/doc/5594727,"«Газпром» заявил, что оставляет за собой право на полное прекращение поставок газа в Молдавию в случае нарушения обязательств по оплате газа до 20 октября.«В дальнейшем любые просьбы молдавской стороны, предполагающие изменение контрактных условий, будут оформляться только в виде соответствующих дополнений к контракту»,— говорится в заявлении компании. Для «Молдовагаза» это означает затягивание и усложнение процедуры отсрочки платежей, о которой Кишинев просит фактически каждый месяц.В Москве, по словам источников “Ъ”, крайнее недовольство вызвало заявление вице-премьера, министра регионального развития и инфраструктуры Молдавии Андрея Спыну 3 октября о том, что «Газпром» нарушает контракт с Молдавией, сокращая объем поставок газа в республику. Российская компания решила сократить поставки газа в Молдавию (с учетом Приднестровья) на 30%, до 5,7 млн кубометров в сутки, мотивируя это отказом «Нафтогаза Украины» предоставлять услуги по транспортировке газа через пункт «Сохрановка».По его словам, несмотря на отсутствие аудита задолженности, «Молдовагаз» готов в ближайшее время «провести переговоры с основными акционерами предприятия», в том числе с «Газпромом».Текущий контракт на поставку газа в Молдавию был подписан в конце 2021 года после тяжелых и продолжительных переговоров. Он заключен на пять лет с объемом 3,3 млрд кубометров газа в год (около 9 млн кубометров в сутки). При этом «Молдовагаз» обязался провести аудит своего исторического долга перед Москвой за поставки газа, который «Газпром» оценивал в $709 млн (в том числе «тело» долга — $433 млн). Аудит до сих пор проведен не был.Вслед за заявлением «Газпрома» 4 октября последовала новая реакция Андрея Спыну, заявившего, что «Газпром» «нарушает собственные обязательства и ищет предлоги, чтобы не поставлять газ молдаванам в преддверии зимы». «Республика Молдова всегда платила за газ, в том числе и авансом. Небольшие задержки платежей вызваны огромным ростом цен на природный газ»,— пояснил он. Он также отрицает блокировки поставок со стороны Украины.Подстраховкой на случай прекращения поставок из РФ для Молдавии является трубопровод из Румынии Яссы—Унгены—Кишинев. Румынский премьер Николае Чукэ заявил 3 октября, что страна может поставлять в Молдавию до 5 млн кубометров газа в сутки, «но не больше». При этом он не уточнил, сколько всего газа страна может предоставить Молдавии, поскольку нужен запас газа для своих жителей на случай низких температур зимой.Эксперт в сфере энергетики Виктор Парликов заявил “Ъ”, что юридически право расторгнуть контракт у «Газпрома» есть с 1 мая. «До сих пор большой экономической целесообразности его расторгать не было, поскольку цена (для Молдавии) была не сильно далека от спотовой цены в ЕС,— говорит он.— А вот с 1 октября вступила в силу вторая часть формулы, которая снижает закупочную цену на холодный период».Эксперт также полагает, что если Молдавия сможет пройти зиму даже в условиях ограниченных поставок из России, то у Приднестровья будут проблемы: «Если бесплатный газ перестанет поступать в Приднестровье, а никто, кроме ""Газпрома"", его туда поставлять не сможет и не будет, там начнутся проблемы и с отоплением, и с рабочими местами. Думаю, первым закроется Молдавский металлургический завод. Этот сценарий может сгенерировать гуманитарный кризис»."
business,kommersant,Продажи Ford в США в третьем квартале выросли на 16%,2022-10-04,,https://www.kommersant.ru/doc/5594689,"Сегодня, 4 октября, американский автоконцерн Ford Motor сообщил, что по итогам сентября его продажи в США составили 142 644 автомобиля. Это на 8,9% меньше, чем в сентябре прошлого года. Однако по итогам всего третьего квартала американские продажи Ford увеличились на 16%. Самые слабые продажи в сентябре зафиксированы в сегменте грузовых внедорожников (trucks) — они упали на 18,3%. Наибольший прирост продаж Ford показал в сегменте электромобилей — 197,3%. Доля электромобилей в общих продажах Ford в сентябре достигла 7%, тогда как годом ранее она составляла 4%.Падение сентябрьских продаж во многом стало неожиданным для аналитиков, прогнозировавших, что за весь квартал Ford покажет рост на 18–19%. Эксперты предполагают, что на сентябрьские показатели негативно повлияли продолжающиеся перебои с поставками комплектующих и значительное сокращение продаж грузовых внедорожников. Тем не менее сегодняшняя публикация данных о продажах Ford привела к тому, что акции автоконцерна выросли в цене на 6,2%."
business,kommersant,Bloomberg: ОПЕК+ может сократить добычу нефти до 2 млн баррелей,2022-10-04,,https://www.kommersant.ru/doc/5594682,"ОПЕК+ рассматривает сокращение добычи нефти на 1–2 млн баррелей в сутки, сообщает Bloomberg со ссылкой на представителей стран—участниц организации. Делегаты обсудят этот вопрос завтра, 5 октября, на встрече ОПЕК+ в Вене.По словам одного из источников, объемы добычи уменьшат в соответствии с возможностями стран и рыночных показателей.Ранее Bloomberg и Reuters писали о сокращении добычи нефти на 1 млн баррелей в день «на фоне быстрого замедления мировой экономики в условиях быстрого ужесточения денежно-кредитной политики». 5 сентября на встрече ОПЕК+ члены организации решили уменьшить добычу нефти в октябре на 100 тыс. баррелей в сутки. Подробнее о решении — в материале «Ъ» «Квоты взяли с потолка». "
business,kommersant,«Молдовагаз»: газ для потребителей не подешевеет даже при снижении стоимости импорта,2022-10-04,,https://www.kommersant.ru/doc/5594567,"Глава «Молдовагаза» Вадим Чебан заявил, что даже после изменений условий контракта с «Газпромом» цена на газ для конечных потребителей не может быть снижена. Он назвал две причины. Во-первых, по словам господина Чебана, в своих расчетах регулятор исходил из среднегодового тарифа в $ 926,94 за тыс. куб. м природного газа, что на $ 146,8 меньше, чем прогнозируемая цена закупки в октябре ($1073,73 за тыс. куб. м). В ноябре эта разница составит $96,8 при прогнозе стоимости, равной $1023,7 за тыс. куб. м, заявил глава «Молдовагаза».Во-вторых, в действующий с 1 октября тариф ANRE (Национальное агентство по регулированию в энергетике) включили накопленные «Молдовагазом» за период с января по сентябрь включительно тарифные отклонения в размере 1817,5 млн леев (около $95 тыс.), добавил он. «Принятый тариф позволяет не только компенсировать затраты предприятия, но и не накапливать новые отклонения, которые неизбежно приведут к новому росту цены для потребителей»,— пояснил Вадим Чебан.По решению ANRE с 1 октября стоимость газа для конечных потребителей вырастет на 27% — с 23 до 29,17 лея за кубометр. При принятии решения учитывался рост закупочной стоимости газа с $899 до $927 за 1 тыс. куб. м. 1 октября вице-премьер Молдавии Андрей Спыну сообщил, что «Газпром» на треть уменьшил объемы прокачки газа на октябрь. Он заявил, что это противоречит действующим контрактам. Подробнее об этом читайте в материале «Ъ FM» «""Газпром"" нашел виноватых». "
business,kommersant,С возможностью дальнейших посляблений,2022-10-06,,https://www.kommersant.ru/doc/5595885,"Вопреки просьбам европейской сталелитейной отрасли, ЕС в новом пакете санкций запретил импорт российских слябов. Но санкции содержат важное исключение: полный запрет наступает 30 сентября 2024 года, а до этого срока слябы из России можно продолжать импортировать, но в объемах не больше уровня 2021 года (3,7 млн тонн в год). Санкции в основном затронут НЛМК Владимира Лисина, который поставляет слябы на свои прокатные заводы в Бельгии, Франции, Дании и Италии: в 2021 году объем отгрузок составил 2,4 млн тонн.После остановки украинских заводов альтернативы поставкам из России фактически нет. Так, есть несколько заводов в Иране, которые находятся под санкциями, а также североамериканские производители, которые обычно поставляют продукцию на свой внутренний рынок. В отчете BCS говорится, что в 2021 году лидером по экспорту и импорту стальных полуфабрикатов являются страны Азии, однако они, как правило, торгуют между собой, и экспорт в другие страны незначителен. Крупнейшим экспортером в этом регионе является Индия с объемом 5 млн тонн.Также ЕС одобрил юридическую базу для введения предельного уровня цен на транспортируемую морем нефть из России в третьи страны. Сам потолок стоимости и решение о его введении пока не утверждены.Регламент проверки цены сделок пока не выработан. Важно то, что санкции распространятся и на танкеры третьих стран — если судно, принадлежащее, например, китайской компании, однажды перевезет российскую нефть по цене выше потолка, то оно больше не сможет получать европейскую страховку, техобслуживание и пр.Меры вступят в силу с момента принятия решения о введении ценового ограничения. Ожидается, что потолок цен будет введен 5 декабря для нефти и 5 февраля 2023 года — для нефтепродуктов. При этом в решении Совета ЕС указано, что от действия новых санкций могут быть временно освобождены проекты, имеющие значение для энергетической безопасности третьих стран.Евросоюз ужесточил санкции против России в части криптовалют. Компаниям с европейской лицензией запрещено открывать счета и криптокошельки для россиян. Раньше действовало ограничение по величине активов — €10 тыс.Опрошенные “Ъ” эксперты называют главным риском возможную блокировку активов. Если компания зарегистрирована в Евросоюзе, она вынуждена запретить российским гражданам пользоваться своими услугами, личными кабинетами и хранением криптовалют, пояснил основатель группы компаний ToTheMoon Владислав Утушкин. «Это может коснуться не только бирж, но также Ledger и Trezor (компании, выпускающие холодные, то есть работающие с физического носителя, криптокошельки.— “Ъ”)»,— считает он. При этом если компания является не европейской, то она тоже может внедрить данный запрет, если того потребует международное сообщество, указывает господин Утушкин.«А вот если такое случится с децентрализованными биржами, то VPN вполне должен спасти»,— считает эксперт.Гражданам РФ должны позволить вывести свои активы, но возможна и заморозка аккаунтов, ожидает сооснователь Berezka DAO Роман Кауфман. Сейчас, по его мнению, граждане РФ могут срочно вывести свои активы на холодный кошелек либо на такие сервисы, как MetaMask, Trust Wallet и другие. Не попадут под ограничения лица, которые могут продемонстрировать, что имеют ВНЖ и адрес в иной стране, добавила управляющий партнер адвокатской коллегии «Град» Мария Аграновская.Когда весной многие биржи ограничивали депозит в €10 тыс., некоторые из них никак на это не среагировали, указывает господин Утушкин. Среди крупных централизованных платформ останутся Huobi и Bybit, уточнил финансовый директор и руководитель департамента торговых операций криптофонда ICB Fund Чэнь Лиминь.«Для обмена криптоактивов можно будет использовать децентрализованные аналоги бирж. Так называемые DEX — Uniswap, PancakeSwap, Curve и другие — работают по алгоритму автоматического маркетмейкера, и их код не предполагает KYC-проверку»,— заметил он.Под запрет попали юридические консультации по поводу применения и толкования закона, включая консультации по коммерческим сделкам, кроме того, участие от имени клиента в коммерческих сделках и переговорах по ним, а также подготовка, оформление и проверка юридических документов. Такие услуги юристы из стран ЕС оказывать российским лицам не смогут, поясняет адвокат ЕМПП Мерген Дораев. Введенные ограничения очень широкие, указывает юрист коллегии адвокатов А1 Наталия Стоцкая: «Запрет на консультирование по вопросам о применении или толковании закона не ограничивается коммерческими сделками, как и запрет на подготовку и проверку юридических документов».Эти санкции, говорит господин Дораев, по сути, «исключат возможность работы с европейскими юристами по любым вопросам, кроме судебного и арбитражного представительства», так как представлять интересы в судах и административных органах не запрещается. Он отмечает, что новый запрет не содержит исключений для консультаций по вопросам применения санкций, и опасается, что это не позволит не только подсанкционным лицам, но любым российским гражданам и компаниям получить такую консультацию от юристов, практикующих в странах ЕС.Восьмой пакет санкций включает запрет на оказание российским физическим и юридическим лицам услуг по консалтингу в IT. Запрет оказания этих и ряда других услуг, в частности юридических, призван «ослабить промышленные способности России». Под IT-консалтингом для целей европейских санкций, согласно официальному журналу ЕС, понимаются консалтинговые услуги, связанные с настройкой компьютерных сетей, установкой аппаратного и программного обеспечения (ПО) или оказания помощи в установке, а также консультации по разработке и внедрению ПО. Запрет на оказание услуг IT-консалтинга упомянут и в числе санкций, объявленных 30 сентября Великобританией, но пока соответствующие акты опубликованы не были.У «Яндекса» в Нидерландах зарегистрирована головная структура Yandex N.V., а у VK — дочерняя компания My.com B.V.; у обеих компаний есть структуры и в других европейских странах. В упомянутых компаниях отказались от комментариев “Ъ”.Запреты затронут и российских IT-специалистов, переехавших в ЕС и зарабатывавших на оказании услуг российским компаниям, считает Мерген Дораев: «Такие услуги станут уголовно наказуемыми в ЕС». Он допустил, что заказчиками услуг могут теперь стать не российские юрлица, а аффилированные с ними компании из ближнего зарубежья, однако такие действия могут быть расценены как попытка обхода санкций.Техническая поддержка ПО сама по себе вряд ли будет расцениваться как IT-консалтинг, полагает партнер адвокатского бюро NSP Сергей Гландин: «Если вендор поставил клиенту из России лицензию на определенный срок, то, если полагаться на норму, он сможет продолжать оказывать поддержку. А гарантийное обслуживание никак не может попадать под запреты». При этом он допускает, что отказаться работать с клиентами из России могут, в частности, провайдеры облачных сервисов."
business,kommersant,Подготовка к дизтопительному сезону,2022-10-06,,https://www.kommersant.ru/doc/5595943,"Зимнее дизтопливо к началу октября подорожало на бирже СПбМТСБ примерно на 25% относительно прошлого года. Торги 6 октября завершились на отметке 70,1 тыс. руб. за тонну, а 3 октября цены достигали максимального уровня в истории — 73,3 тыс. руб. Цены на зимнее топливо растут второй год подряд из-за снижения производства суррогатного топлива (см. “Ъ” от 20 октября 2021 года).Увеличение оптовых цен может привести к росту убытков для АЗС, которые стараются сдерживать рост цен уровнем инфляции. Если в этом году продажа бензина на заправках приносила значительную прибыль, то дизтопливом независимые операторы АЗС почти весь год торговали в убыток.Как следует из письма Минэнерго (копия есть у “Ъ”) в Госдуму и аппарат правительства от 13 сентября, для сдерживания цен на топливо может быть рассмотрен вариант сохранения в 2023 году «условных средних оптовых цен внутреннего рынка на уровне 2022 года» в формуле демпфера. В рамках демпфера нефтекомпании получают компенсации из бюджета за сдерживание цен на внутреннем рынке при росте мировых цен на нефтепродукты. Компенсация нефтяникам рассчитывается как часть разницы между экспортной ценой и условной (фиксированной) ценой внутреннего рынка. При этом в 2023 году условная цена для дизтоплива будет проиндексирована на 3%, до 53,85 тыс. руб. за тонну. Из документа следует, что Минэнерго «в случае необходимости» проработает меры против «бесконтрольного вывоза топлива», за который бюджет уже выплатил демпфер (об этой схеме “Ъ” сообщал 16 августа). Кроме того, как сообщал “Ъ”, проблема дефицита зимнего дизтоплива может быть частично решена поставками из Белоруссии (см. “Ъ” от 9 сентября).В разные годы при повышении цен регуляторы обсуждали и запрет экспорта топлива, но собеседники “Ъ” сомневаются, что власти пойдут на это сейчас.Как заявили “Ъ” в Минэнерго, «рынок сохранит сбалансированность, удовлетворив весь складывающийся на внутреннем рынке спрос, в том числе по зимнему дизтопливу». По оценкам Минэнерго, спрос на зимнее дизтопливо сохранится на уровне 2021 года в 20 млн тонн, при этом порядка 90% производства, как и ранее, продолжит поставляться на внутренний рынок.В ФАС напомнили “Ъ” о направленных в августе предложениях о стабилизации цен на топливо, в числе которых сохранение условных цен в формуле демпфера. В Минфине отказались от комментариев.Рост цен на зимние сорта дизтоплива обусловлен дефицитом продукта, который в этом году может вырасти на 13%, до 9,8 млн тонн, считает Мария Арье из «Петромаркета». Раньше он покрывался за счет суррогатов (их производят смешиванием авиакеросина и средних дистиллятов на нефтебазах), но поставки керосина для смешения с мая по август снизились в 4,5 раза в годовом выражении, до 123 тыс. тонн, отмечает она: на суррогаты не выплачивается демпфер, что делает их выпуск невыгодным. Для удовлетворения спроса суррогаты все равно нужны, рассуждает госпожа Арье, но, чтобы их продажа стала выгодной, цены на зимнее дизтопливо должны сильно вырасти. Единственным фундаментальным решением проблемы, по ее мнению, является стимулирование производства зимнего дизтоплива за счет новых установок депарафинизации."
business,kommersant,Turkish Airlines вернет мобилизованным деньги за неиспользованные авиабилеты,2022-10-06,,https://www.kommersant.ru/doc/5595916,"Турецкая авиакомпания Turkish Airlines сообщила, что вернет деньги за неиспользованные авиабилеты мобилизованным гражданам России, а также их ближайшим родственникам. Средства возвратят без штрафов и сборов. Для отмены и возврата билетов необходимо предоставить документ, подтверждающий статус военнообязанного. В сообщении компании, которое приводит «Интерфакс», отмечается, возврат средств за билеты возможен для родственников военнообязанных первой категории — для родителей, супругов, детей. Для оформления возврата необходимо предоставить повестку и мобилизационное предписание. Также компания просит подтвердить отказ в обращении гражданина за разрешением на выезд с места жительства. 28 сентября Минтранс сообщал, что российские перевозчики вернут средства за неиспользованные билеты мобилизованным гражданам, которые приобрели их до объявления частичной мобилизации 21 сентября. Российские авиакомпании «Аэрофлот», «Победа», «NordWind», «Россия», «Азимут» сообщили, что готовы  обеспечить возврат билетов для призывных россиян. Аналогичное заявление сделали в РЖД."
business,kommersant,Минэнерго Турции: поставки по TANAP увеличатся вдвое,2022-10-06,,https://www.kommersant.ru/doc/5595856,"Прокачка по Трансанатолийскому газопроводу (TANAP), по которому газ транспортируется с азербайджанского месторождения «Шах Дениз» до западной турецкой границы, будет увеличена вдвое. Как передает Anadolu, министр энергетики Турции Фатих Донмез объявил, что ежегодный объем прокачки будет повышен с 16 до 32 млрд куб. м.Ранее о планах по увеличению пропускной способности газопровода говорил президент Азербайджана Ильхам Алиев. В июле ЕС и Азербайджан подписали меморандум об энергетическом сотрудничестве, в котором имелось положение об удвоении мощности магистрали.Вчера, 5 октября, глава Еврокомиссии Урсула фон дер Ляйен сообщила, что после ввода российских войск на Украину доля России в поставках газа в ЕС снизилась с 41% до 7%. В связи с этим Евросоюз ищет альтернативных поставщиков."
business,kommersant,Porsche стал самым дорогим автопроизводителем Европы,2022-10-06,,https://www.kommersant.ru/doc/5595815,"Porsche AG стал самым дорогим автомобильным производителем Европы по рыночной капитализации. Котировки акций Porsche на Франкфуртской бирже достигали в ходе сегодняшних торгов отметки €93,28. Тем самым рыночная капитализация производителя достигла почти €85 млрд. В то же время капитализация Volkswagen, до сих пор удерживавшего лидерство в Европе, в ходе сегодняшних торгов составляла €78,6 млрд.Отметим, что Porsche понадобилась всего неделя после IPO, чтобы обойти свою родительскую компанию. Производитель спорткаров вышел на биржу 28 сентября, проведя самое успешное IPO для Германии за последние 25 лет. При размещении акции компании торговались по €82,5, то есть по верхней границе определенного перед этим ценового коридора. Тем самым общая стоимость Porsche была оценена в €75 млрд. Компания привлекла в ходе IPO €9,4 млрд."
business,kommersant,Путин подписал указ о создании нового оператора проекта «Cахалин-1»,2022-10-07,,https://www.kommersant.ru/doc/5605713,"Президент России Владимир Путин поручил правительству создать российского оператора проекта «Сахалин-1». Как следует из указа главы государства, организации будут переданы все права и обязанности действующего оператора Exxon Neftegas Limited. Доли в уставном капитале нового проекта будут разделены между дочерними компаниями «Роснефти», которые участвуют в проекте. АО «Сахалинморнефтегаз-Шельф» получит 11,5%, «РИ-Астра» — 8,5%. Остальные 80% передадут новому оператору до тех пор, пока все доли не будут распределены. Иностранные участники «Сахалина-1» в течение месяца должны подтвердить согласие принять в собственность пропорциональную долю в новом операторе. Долями в проекте владели американская ExxonMobil (30%), японская Sodeco (30%) и индийская ONGC (20%).Согласно указу, новый оператор «Сахалина-1» и его участники сохранят специальный налоговый режим, таможенное, таможенно-тарифное регулирование, а также исключительное право на экспорт газа.В июне похожая схема перевода в российскую юрисдикцию была применена к «Сахалину-2». Вместо Sakhalin Energy им стала созданная в России структура «Сахалинская энергия». Россия также одобрила участие в проекте японских компаний Mitsubishi и Mitsui (они получили по 10% и 12,5% соответственно).В конце сентября губернатор Сахалинской области Валерий Лимаренко сообщил, что объем добычи нефти и конденсата на «Сахалине-1» за семь месяцев уменьшился почти вдвое по сравнению с аналогичным периодом 2021 года. В июле российские власти заявили, что добыча на проекте «Сахалин-1» «из-за введенных ограничений» сократилась в 22 раза — с 220 тыс. до 10 тыс. баррелей в сутки. Резкое снижение объемов добываемой нефти произошло после того, как оператор «Сахалина-1» ExxonMobil заявила о прекращении участия и отозвала своих специалистов. Минэнерго считает, что добыча на «Сахалине-1» была остановлена под надуманным предлогом. Подробнее — в материале «Ъ» «Нефть засахалилась»."
business,kommersant,Минпромторг сообщил о поэтапной остановке завода Vestas по производству ветряков в Ульяновске,2022-10-07,,https://www.kommersant.ru/doc/5605655,"Производство лопастей на заводе «Вестас Мэньюфэкчуринг Рус» в Ульяновске планируется поэтапно остановить до конца года, а завод — законсервировать. Об этом сообщил «Интерфакс» со ссылкой на данные Минпромторга России. Источник «Ъ» отмечает, что завод не работает уже давно, все его сотрудники уволены. В ответе ведомства информагентству отмечалось, что «до конца 2022 года запланирована поэтапная остановка производства с последующей консервацией завода и выплатой компенсаций персоналу», при этом остановка производства не должна повлиять на проекты «Ветропарков ФРВ» (структуры финской компании Fortum), «обязательства перед ними по выпуску лопастей для четырех ветростанций в этом году планируется выполнить». В Минпромторге также ответили, что «прорабатывается вопрос сохранения производственной площадки», «на сегодняшний день заинтересованность в приобретении завода обозначил ряд организаций».Датская Vestas в начале апреля объявила об уходе из России. В начале июля Fortum в лице ООО «Первый ветропарк ФРВ» обратилась в арбитражный суд с иском к «Вестас Рус» «об обеспечении имущественных интересов» на сумму 87 млн руб. в связи с заявлением Vestas об уходе и расторжении контрактов, поэтому существует «реальная угроза вывоза с территории РФ имущества подрядчика». 11 июля был оформлен исполнительный лист, но уже 25 июля суд принял решение об отмене обеспечительных мер, ссылаясь на заявление истца, отмечавшего, что обеспечительные меры стали «эффективным стимулом для мирного разрешения спора».В Корпорации развития Ульяновской области (АО, занимается привлечением инвестиций) от комментариев по поводу «Вестас Мэньюфэкчуринг Рус» отказались. Между тем источник “Ъ”, хорошо знакомый с ситуацией, отметил, что завод по производству лопастей закрыт и законсервирован «уже давно, с конца июля», «все сотрудники уволены». По словам собеседника, после заявления датской компании об уходе Vestas и российские структуры финской Fortum «сильно поругались» из-за угрозы невыполнения обязательств по поставке лопастей и ветрогенераторов, «затем вроде решили вернуться к переговорам, но в итоге так и не договорились». «Vestas ведет себя крайне агрессивно»,— добавил собеседник. Он также не уверен, что у кого-то получится выкупить предприятие, поскольку «Vestas никому и ничего не хочет продавать».При этом оба ветропарка Fortum в Ульяновске продолжают работать, пояснил собеседник."
business,kommersant,Цены на газ в Европе падали на 14%,2022-10-07,,https://www.kommersant.ru/doc/5605661,"Биржевые цены на газ в Европе падали ниже $1550 за 1 тыс. куб. м, свидетельствуют данные биржи ICE. Стоимость ноябрьского фьючерса на хабе TTF в Нидерландах снижалась до $1546,5 за 1 тыс. куб. м, или €152,995 за 1 МВт•ч.Падение цен на газ происходит на фоне заполнения европейских газовых хранилищ более чем на 90%. Наиболее заполнены газохранилища Хорватии, Дании, Франции, Германии, Италии, Нидерландов, Польши, Испании и Швеции.5 октября цены на газ в Европе упали до $1600 впервые с 21 июля. Тогда «Газпром» возобновил поставки российского сырья в Италию через Австрию. Уменьшение цен на газ произошло после длительного периода повышения стоимости в августе и сентябре. Причиной роста цен стали ремонт турбин «Северного потока», а также обнаружение утечек на трех нитках «Северного потока» и «Северного потока-2».Подробнее — в материале «Газ занимает предоставленный объем»."
business,kommersant,Цена Brent превысила $97 впервые с конца августа,2022-10-07,,https://www.kommersant.ru/doc/5605634,"Cтоимость фьючерсов на нефть марки Brent на лондонской бирже ICE Futures в ходе торгов поднималась выше $97 за баррель. Последний раз такая цена была зафиксирована 31 августа. По данным на 17:42 мск, цена нефти Brent выросла на 2,6%, до $97,1 за баррель.5 октября страны ОПЕК+ решили с ноября максимально сократить добычу нефти — на 2 млн баррелей в сутки. Это решение представители организации объясняли балансировкой рынка перед сезонным снижением спроса. Опрошенные Bloomberg аналитики считают, что стоимость нефти Brent превысит $100 за баррель. Подробнее о решении организации — в материале «Ъ» «ОПЕК+ засушила рукава»."
business,kommersant,«Северсталь» опровергла передачу доли Мордашова в пользу ООН,2022-10-07,,https://www.kommersant.ru/doc/5605615,"Председатель совета директоров ПАО «Северсталь» Алексей Мордашов не намерен переводить свои доли в сталелитейной компании в зарубежные трасты, сообщили в пресс-службе организации. Господину Мордашову принадлежит 76,85% акций в уставном капитале «Северстали». Ранее The Wall Street Journal со ссылкой на осведомленные источники писала, что господин Мордашов ищет варианты снижения санкционного давления на «Северсталь», одним из которых было изменение структуры собственности.«Информация о том, что Алексей Мордашов якобы рассматривает возможность перевода доли в компании ""Северсталь"" и других компаний ""Севергрупп"" в зарубежные трасты, а прибыль от них будто бы будет направляться в пользу ООН, абсолютно не соответствует действительности. Таких планов никогда не было и нет»,— говорится в сообщении.В «Северстали» отметили, что значимые счета компании располагаются в системообразующих российских банках, что позволило избежать ареста счетов в результате западных санкций.По информации WSJ, Алексей Мордашов планировал передать 50% в фонд, который будет направлять прибыль на неназванные проекты, способствующие реализации целей ООН. Остальные 50% долей будет передано в траст под доверительным управлением.Господин Мордашов 28 февраля попал под санкции Евросоюза (ЕС). В марте в компании сообщили, что из-за наложенных на акционера санкций были прекращены поставки в ЕС."
business,kommersant,Bloomberg: Турция просит Россию об отсрочке газовых платежей до 2024 года,2022-10-03,,https://www.kommersant.ru/doc/5594165,"Поскольку Турция стремится смягчить ущерб для экономики, обусловленный повышением цен на энергоносители, она просит Россию отсрочить часть платежей за природный газ до 2024 года. Об этом сообщает Bloomberg со ссылкой на источники, близкие к российско-турецким переговорам.По данным издания, в обсуждении отсрочки участвует турецкая государственная компания Botas. Собеседник, близкий к «Газпрому», в диалоге с агентством отметил, что турецкая сторона пока что не обращалась с официальным запросом об отсрочке — это станет возможно, когда Botas получит соответствующее предложение от российской компании.  В 2022 году турецкая лира обесценилась более чем на 28% по отношению к доллару США, что связывают в том числе с сильной зависимостью страны от импорта энергоресурсов. Ранее Турция и Россия договорились о переходе на частичную оплату энергоресурса в рублях: по словам президента России Владимира Путина, теперь до 25% поставок российского газа в Турцию будет оплачиваться в российской валюте."
business,kommersant,Трубу заткнуло депозитом,2022-10-03,,https://www.kommersant.ru/doc/5594105,"Итальянская энергокомпания Eni готова предоставить гарантию в размере €20 млн для возобновления поставок российского газа через Австрию, заявил глава компании Клаудио Дескальци.«Газпром» полностью остановил поставки газа Eni 1 октября, сославшись на «невозможность транспортировки газа через Австрию» из-за того, что новые австрийские регламенты сделали невозможной поставку российского газа через точку входа Тарвизио (в сентябре среднесуточные поставки составляли около 18 млн кубометров в сутки). Австрийский регулятор E-Control у себя на сайте пояснял, что новые правила для групп балансировки газа вступили в силу 1 октября и что все участники рынка знали о них уже несколько месяцев.В обычной ситуации оператор газотранспортной системы закупает газ для балансировки из собственных средств (затем эти затраты возмещаются из тарифа на транспортировку), но сейчас из-за резко подорожавшего газа и сильной волатильности цен такие закупки могут стать крайне затруднительными — у оператора в определенной ситуации может просто не хватить своих денег.По данным “Ъ”, в целом за год речь может идти о депозите в размере нескольких сотен миллионов евро. При этом пока объем газа, предназначенный для Италии, «Газпром» поставляет австрийской OMV. В «Газпроме», E-Control и Eni “Ъ” комментариев не предоставили.Как сообщил 3 октября гендиректор Eni Клаудио Дескальци, поставки газа были приостановлены из-за того, что российский «Газпром» не предоставил гарантию австрийскому регулятору. «Мы посмотрим, возьмем ли мы это на себя»,— сказал он, добавив, что надеется, что «проблема может быть решена на этой неделе».Eni — один из крупнейших покупателей российского газа в ЕС с контрактом на 23,5 млрд кубометров в год, впервые столкнулась со снижением поставок из РФ летом после снижения потока через «Северный поток», а потом и его отключения. Общий объем поставок газа из России в Италию в 2021 году составил 29 млрд кубометров, или около 38% от потребления. Но после начала военных действий на Украине Италия стремится замещать объемы «Газпрома», в том числе за счет увеличения поставок из Алжира. Клаудио Дескальци уточнил, что на данный момент поставки через Тарвизио составляют около 10% от общего объема импорта в Италию.Сейчас российский газ экспортируется в Италию через Украину: от точки выхода Вельке-Капушаны на границе Украины и Словакии далее газ идет до австрийского Баумгартена, откуда через трубопровод TAG поступает в Тарвизио. ПХГ Италии сейчас заполнены на 90,73%, запасы составляют около 16,2 млрд кубометров.Последствия прекращения поставок российского газа в Италию будут зависеть от того, как долго будет решаться технический вопрос с получением разрешения на поставку газа «Газпрома», отмечает директор по исследованиям Vygon Consulting Мария Белова. Так как, несмотря на остановку прокачки, заполнение ПХГ в Италии продолжалось, а спотовые цены на итальянском хабе PSV 3 октября снизились на 17%, то можно говорить об отсутствии паники на рынке, считает аналитик."
business,kommersant,«Москвич» планирует открыть дилерские центры в 23 городах России,2022-10-03,,https://www.kommersant.ru/doc/5594138,"С 3 октября автоконцерн «Москвич» открыл прием заявок на предоставление статуса официального дилера в 23 городах России. Заявки будут приниматься до 21 октября, предприятие рассматривает возможность сотрудничества с дилерскими центрами, занимающимися как продажами, так и техническим обслуживанием автомобилей.Как отмечается в сообщении пресс-службы «Москвича», цитируемом ТАСС, компания планирует начать развивать дилерскую сеть в России со следующих городов: Москва, Санкт-Петербург, Новосибирск, Екатеринбург, Казань, Нижнего Новгорода, Самары, Ростова-на-Дону, Воронежа, Красноярска, Омска, Уфы, Пермь, Волгоград, Краснодар, Набережные Челны, Саратов, Ставрополь, Ижевск, Тюмень, Оренбург и Кемерово. В дальнейшем автоконцерн планирует открыть дилерские центры и в других городах.16 мая мэр Москвы Сергей Собянин заявил о возобновлении производства на заводе «Рено Россия» — теперь на нем производятся автомобили под брендом «Москвич». Местные активы французской группы Renault, свернувшей деятельность в России, перешли в государственную собственность."
business,kommersant,У Lada поубавилось покупателей,2022-10-03,,https://www.kommersant.ru/doc/5594109,"За прошедшую неделю (26 сентября—2 октября) средние темпы продаж легковых автомобилей снизились до 1,2 тыс. машин в сутки с пиковых 1,5 тыс. неделей ранее — в итоге реализация составила 8,7 тыс. легковых автомобилей. Такие данные приводит «Автостат». В процентном выражении продажи просели на 19,3% — это самое крупное недельное падение за последние два месяца. Это противоречит обычному тренду, согласно которому именно в последнюю неделю месяца продается больше всего машин, так как дилеры закрывают больше сделок для выполнения месячного плана и пополнения оборотных средств. Главное событие предпоследней недели прошлого месяца — объявление 21 сентября, в среду, о начале частичной мобилизации в России. До 25 сентября продажи еще шли на высоком уровне, по итогам недели было продано 10,8 тыс. машин.Он говорит о существенном падении трафика по всем направлениям бизнеса и росте отказов от ранее заключенных сделок. Заместитель гендиректора по продажам новых автомобилей «Авилона» Алексей Стариков более консервативен в оценках и говорит о небольшом замедлении спроса. При этом дилеры также видят рост предложения на выкуп у клиентов личных автомобилей, отмечает глава «Автодома» Андрей Ольховский. Сергей Удалов из «Автостата» рассказал и о снижении числа заявок на кредиты в конце месяца.За счет результатов прошедших недель по итогам месяца продажи могут составить 44,4 тыс. машин, что на 4,3% выше, чем в августе. Замедление темпов уже заметно: в августе рынок вырос на 20% к июлю.Гендиректор Fresh Auto Денис Мигаль отмечает, что если сравнивать трафик недели, завершившейся 2 октября, с предыдущей неделей, то трафик в салонах вырос на 48% в сегменте новых автомобилей. Но, продолжает он, трафик оказался на 29% ниже, чем на неделе до объявления частичной мобилизации. «Роста трафика в автосалоны в ближайшие месяцы ожидать не стоит»,— заключает он.При этом наметившийся тренд на падение продаж обусловлен динамикой Lada: реализация бренда за неделю просела на 26% к предыдущей, до 3,3 тыс. машин. В то же время продажи брендов из Китая и Кореи росли. Доля АвтоВАЗа на рынке по итогам последней недели сентября составила 37,9%.Более дорогие автомобили — китайские и корейские предложения (они стартуют уже от уровня примерно в 2 млн руб., тогда как Granta стоит менее 0,7 млн руб.) — меньше подвержены таким изменениям, продолжает эксперт. Наиболее стабильным в период кризисов был премиум-сегмент, но в последние месяцы его доля сильно упала из-за исчерпания складов и невозможности их пополнить на фоне санкций. Какой-то объем сделок в любом случае сохранится, отмечает Сергей Удалов, в том числе за счет необходимости замены парков такси и каршеринга. В прошедшем месяце ряд каршерингов также заявлял о пополнении парков автомобилями китайских брендов."
business,kommersant,China Airlines представила аэробус «Pikachu Jet» в расцветке известного аниме,2022-10-03,,https://www.kommersant.ru/doc/5594033,"28 сентября авиаперевозчик Тайваня China Airlines представил свой «Pikachu Jet CI», который стал первым в истории острова самолетом в ливрее «Pokemon» и уже признан самым красочным в истории China Airlines. Уникальную ливрею нанесли на Airbus A321neo с регистрационным номером B-18101, который также стал первым самолетом этого типа, поставленным авиакомпании в ноябре прошлого года.China Airlines приняла участие в проекте японской компании The Pokemon Company «Flying Pikachu Project». В свою очередь, The Pokemon Company разработала ливрею фюзеляжа исключительно для тайваньского авиаперевозчика. Ливрея, на которой изображены 11 покемонов, включая Пикачу, наносилась примерно три недели с использованием 36 типов краски. Над окном кабины пилотов находится спрятанное яйцо с Пикачу и Шеймином, как если бы они управляли самолетом.Председатель China Airlines Су-Чьен Сие отметил «значительные усилия», приложенные для создания раскраски аэробуса: «Самолет Airbus A321neo, выбранный для этой ливреи, является последним пассажирским самолетом нового поколения, который представит China Airlines. Покраска ливреи была международной работой с участием инженеров отдела технического обслуживания China Airlines и японских экспертов по окраске, проделавших путь до Тайваня».30 сентября перевозчик организовал однодневную благотворительную микропоездку из Таоюаня в Тайбей, после которой 80 лимитированных мест в самолете были раскуплены за девять минут фанатами франшизы про покемонов. 2 октября «Pikachu Jet CI» совершил свой первый коммерческий рейс по маршруту Тайбей-Токио."
business,kommersant,ОПЕК+ засушила рукава,2022-10-05,,https://www.kommersant.ru/doc/5595295,"ОПЕК+ на встрече в Вене принял решение о сокращении добычных квот на 2 млн баррелей в сутки (б/с) в ноябре. Таким образом, крупнейшие производители нефти выбрали наиболее жесткий из обсуждавшихся вариантов сделки. Решение было объявлено на первой с 2020 года очной встрече министров стран—членов картеля, поскольку в период пандемии переговоры шли в режиме онлайн.Также члены ОПЕК+ решили продлить координацию на рынке нефти до конца 2023 года — прежняя сделка формально истекала в конце года. Теперь встречи министров будут проходить не каждый месяц, а раз в два месяца, однако внеочередное заседание может быть проведено в любой момент.Хотя формально уровень добычных квот в октябре соответствовал базовому уровню квот, установленных в самом начале сделки (в апреле 2020 года), на деле страны ОПЕК+ добывали на 3,5 млн б/с меньше своей квоты. В частности, Россия по соглашению должна была в сентябре увеличить добычу нефти (без газового конденсата) до 11 млн б/с, в реальности добывала 9,9 млн б/с. В результате нынешней договоренности квота России сократится до 10,5 млн б/с, то есть страна все еще имеет возможности нарастить производство с текущего уровня. Однако пока более вероятно, что добыча в РФ снизится в ближайшие месяцы на фоне введения эмбарго ЕС на российскую нефть с 5 декабря и внедрения потолка цен на нее. Вице-премьер Александр Новак, отвечающий за взаимодействие с ОПЕК+, признал 5 октября, что санкции могут привести к «временному снижению» добычи. По его словам, в 2023 году российские власти ждут сокращения добычи (с конденсатом) до 490 млн тонн по сравнению с 530 млн тонн в этом году.Действия ОПЕК+ бьют по попыткам демократической администрации в США сдержать внутренние цены на бензин на фоне грядущих в ноябре промежуточных выборов в Конгресс. Белый дом 5 октября выпустил заявление, в котором назвал решение ОПЕК+ «близоруким», а также заявил о намерении администрации «консультироваться с Конгрессом по дополнительным инструментам и полномочиям, чтобы ослабить контроль ОПЕК над ценами на энергоресурсы». Кроме того, по данным Bloomberg, Белый дом обдумывает возможное эмбарго на экспорт нефтепродуктов из страны.Реальное снижение добычи может составить не более 60% от сокращения квот, поскольку ряд стран и так добывают меньше заявленных объемов, считает эксперт по фондовому рынку «БКС Мир инвестиций» Игорь Галактионов. По его мнению, рынок с начала недели уже заложил в котировки Brent ожидаемое сокращение квот, поэтому реакция нефтяных цен на само решение ОПЕК+ может быть сдержанной. После короткого роста не исключена коррекция, поскольку купившие ранее спекулянты могут фиксировать прибыль, полагает эксперт: в дальнейшем не исключен плавный подъем котировок, поскольку уверенность рынка в поддержке ОПЕК+ в сочетании с риском падения поставок из России может перевешивать опасения из-за рецессии.Россия по-прежнему добывает примерно на 1,3 млн б/с меньше нефти (без учета конденсата), чем допускается по квоте ОПЕК+, продолжает старший аналитик «БКС Мир инвестиций» Рональд Смит. Он отмечает, что фактически сократить добычу в случае снижения квот придется только Саудовской Аравии, Ираку и ОАЭ, но это все равно станет фактором поддержки для цен на нефть.Свободные мощности по добыче нефти в мире сейчас находятся на исторически низких уровнях, объясняет решение ОПЕК+ Сергей Кондратьев из Института энергетики и финансов, напоминая, что у многих участников ОПЕК+ бюджет балансируется при цене выше $100 за баррель. По его оценкам, фактическая добыча ОПЕК+ в результате объявленного решения может снизиться на 1,1–1,3 млн б/с."
business,kommersant,Новый объект федерации,2022-10-05,,https://www.kommersant.ru/doc/5595284,"Президент РФ подписал указ, определяющий условия перехода Запорожской АЭС (ЗАЭС, 6 ГВт) в российскую юрисдикцию. Согласно опубликованному документу, собственником ЗАЭС будет российское государство, для этих целей правительство создаст новое федеральное государственное унитарное предприятие (ФГУП) «Запорожская АЭС».Оператором станции будет другая структура — АО «Эксплуатирующая организация Запорожской АЭС» (ЭО ЗАЭС) — 100-процентная дочерняя компания концерна «Росэнергоатом» (РЭА, входит в «Росатом», единый оператор всех АЭС в РФ). Компания с уставным капиталом в 2 млрд руб. учреждена 3 октября. «Новая эксплуатирующая организация призвана обеспечить безопасную эксплуатацию АЭС и профессиональную деятельность существующего персонала станции при поддержке РЭА»,— заявили 5 октября в концерне.Переходный период особого регулирования продлится до 1 января 2028 года: в течение пяти лет, в частности, будет действовать особый режим атомного надзора, госрегулирования промышленной безопасности, а также использования финансовых ресурсов для обеспечения безопасности на ЗАЭС.Гендиректор новой эксплуатирующей компании — бывший главный инженер Балаковской АЭС Олег Романенко, который, по неофициальной информации, находится на станции с весны. Весь персонал, работающий сейчас на ЗАЭС, в ближайшее время будет трудоустроен в штат новой эксплуатирующей организации. До сих пор вакантно и место директора ЗАЭС: по сведениям “Ъ”, занять эту должность, вероятно, может один из украинских сотрудников. Разделение функций эксплуатации АЭС и владения имуществом, вероятно, необходимо для снижения санкционных рисков «Росатома», говорит управляющий партнер юридической группы «Яковлев и партнеры» Андрей Яковлев. «Принятая схема разделения сфер ответственности — оптимальный вариант с юридической точки зрения. Госкорпорация будет только заниматься вопросами контроля безопасной эксплуатации станции»,— отмечает он. По его мнению, западные страны вряд ли решатся вводить ограничения в отношении «Росатома» из соображений ядерной безопасности, поскольку они сами зависят от российских поставок топлива и урана. До сих пор против «Росатома» и в целом российской атомной индустрии санкции не вводились.Старший научный сотрудник института ООН по исследованию проблем разоружения Андрей Баклицкий полагает, что изобретенная российскими властями юридическая схема владения и управления не сможет полностью обезопасить РЭА от санкций. «РЭА работает преимущественно на территории России, но даже в его случае могут возникнуть проблемы: например, концерн является одним из акционеров компании ""Аккую Нуклеар"", которая строит одноименную АЭС в Турции»,— предупреждает аналитик.Ситуация с головной госкорпорацией «Росатомом» выглядит сложнее. Если западные страны и решатся ввести санкции в отношении нее, то ограничения, скорее всего, будут «точечными и максимально аккуратными», чтобы не навредить проектам в западных странах, которые не получится мгновенно заместить, говорит Андрей Баклицкий. В частности, «Росатом» занимает лидирующие позиции в мире на рынке услуг по обогащению урана (около 40%), а также по добыче урана (около 15%). Западные страны, введя существенные санкции, также могут испортить отношения с союзниками и партнерами, где «Росатом» строит АЭС (Индия, Турция, Египет). «Когда в 2019 году администрация президента США Дональда Трампа под угрозой санкций потребовала от ""Росатома"" прекратить работу над вторым энергоблоком АЭС ""Бушер"" в Иране, ""Росатом"" отказался, и санкций не последовало»,— напоминает Андрей Баклицкий."
business,kommersant,Белый дом упрекнул ОПЕК+ за солидарность с Россией,2022-10-05,,https://www.kommersant.ru/doc/5595330,"Пресс-секретарь Белого дома Карин Жан-Пьер назвала ошибочным решение ОПЕК+ сократить добычу нефти на 2 млн баррелей в сутки. Она заявила, что таким образом организация «солидаризуется» с Россией. Ранее президент США Джо Байден назвал решение ОПЕК+ близоруким.«Ясно, что ОПЕК+ солидаризуется с Россией своим сегодняшним решением. Я ограничусь этим»,— сказала госпожа Жан-Пьер на брифинге (цитата по «РИА Новости»). Она добавила, что последствия от сокращения добычи нефти ощутят на себе страны с низким и средним уровнем доходов.Белый дом пытался отговорить страны ОПЕК+ от этого решения. США опасаются, что снижение добычи нефти приведет к резкому росту цен на топливо. Американский президент поручил выпустить на рынок в ноябре дополнительные 10 млн баррелей из стратегического резерва нефти в краткосрочной перспективе. Подробнее о добыче нефти в России — в материале «Ъ»."
business,kommersant,МАГАТЭ: на Запорожской АЭС хотят перезапустить один из шести энергоблоков,2022-10-05,,https://www.kommersant.ru/doc/5595290,"Глава Международного энергетического агентства по атомной энергии (МАГАТЭ) Рафаэль Гросси отправился в Киев. Он заявил о необходимости создания зоны безопасности вокруг Запорожской АЭС. Пресс-служба МАГАТЭ сообщила, что сотрудники станции планируют перезапустить один из своих шести реакторов, которые находятся в состоянии холодной остановки.«Едем в Киев на важные встречи. Необходимость создания зоны ядерной безопасности и защиты вокруг Запорожской АЭС сейчас актуальна как никогда»,— написал господин Гросси в своем Twitter. В сообщении на сайте МАГАТЭ сказано, что старший персонал АЭС проинформировал присутствующих на станции экспертов МАГАТЭ о подготовке к перезапуску пятого энергоблока на пониженной мощности для производства пара и тепла для нужд станции. Подготовка к перезапуску займет некоторое время, отметили работники АЭС.Последний действующий реактор Запорожской АЭС был остановлен 11 сентября. Он снабжал станцию электроэнергией для охлаждения и других важных функций безопасности с 7 сентября. В этот день на станции были отключены все внешние высоковольтные источники питания. Миссия МАГАТЭ во главе с господином Гросси посетила Запорожскую АЭС в начале сентября, заявив о намерении создать там свое постоянное представительство. О ситуации на Запорожской АЭС читайте в материале «Ъ» «Блок-стоп»."
business,kommersant,Новак: объем добычи нефти составит 530 млн тонн в 2022 году,2022-10-05,,https://www.kommersant.ru/doc/5595278,"Вице-премьер РФ Александр Новак заявил, что бюджет России сверстан исходя из цены на нефть $70 за баррель. По его словам, такая цена «комфортна» для страны. Также господин Новак сообщил, что объем добычи нефти в России в 2022 году оценивается в 530 млн тонн, а в 2023 году этот показатель составит 490 млн тонн. Вице-премьер отметил, что Россия добывает 9,9 млн баррелей в сутки.«Наш бюджет сформирован при цене $70, и мы считаем, что это комфортная цена, которая на сегодняшний день может быть принята за основу. Но, безусловно, учитывая, что сегодня рынки достаточно волатильны и многое зависит в том числе и от курса рубля, который сегодня достаточно крепкий относительно тех параметров, которые ранее были для нашей нефтедобычи, для нашей экономики. Те параметры, которые заложены в прогнозе социально-экономического развития, наиболее оптимальны»,— сказал вице-премьер после заседания ОПЕК+ (цитата по «Интерфакс»). Сегодня, 5 октября, страны ОПЕК+ согласовали сокращение суточной добычи нефти на 2 млн баррелей в сутки начиная с ноября этого года. Это самое большое сокращение с 2020 года. Александр Новак подчеркивал, что сокращение необходимо для балансировки рынка перед сезонным снижением спроса. По данным Financial Times, на сокращении добычи топлива настаивали Россия и Саудовская Аравия. Сегодня Евросоюз запретил морскую транспортировку нефти третьим странам по цене выше установленной. Мера принята в рамках восьмого пакета санкций. 2 сентября страны G7 cогласовали введение потолка цен на российскую нефть с 5 декабря. Тогда же вступит в силу эмбарго Евросоюза на российскую нефть. Уровень предельной цены пока не установлен. Подробнее о бюджете РФ «Нефтедоходам прописано быть скромнее»."
business,kommersant,«Роскосмос» опубликовал снимок утечки газа на газопроводе в Балтийском море,2022-10-02,,https://www.kommersant.ru/doc/5593503,"«Роскосмос» ведет мониторинг утечек газа на «Северных потоках», говорится в сообщении госкорпорации в Telegram. «Роскосмос» опубликовал снимок утечки с одного из газопроводов в Балтийском море (с какого именно, не уточняется). Снимок сделал спутник «Канопус-В» 2 октября.По информации Дании, из поврежденных ниток «Северного потока» и «Северного потока-2» вышел весь газ. «Газпром» оценивал объем газа, находившегося в трех нитках энергоносителя, в 800 млн куб. м. Давление на «Северных потоках» начало падать 26 сентября. Россия и страны Запада считают, что причиной пробоин стали диверсии. Пока никто не взял на себя ответственность за произошедшее. Об обсуждении диверсий в Совбезе ООН — в материале «Ъ» «Совбез ООН остался при своих»."
business,kommersant,Приоткрытое небо,2022-10-02,,https://www.kommersant.ru/doc/5593464,"Аэропорт Калининграда получит режим открытого неба, сообщила Росавиация 30 сентября. Этот статус должен улучшить транспортную доступность региона и решить проблему с грузоперевозками на фоне закрытия воздушного пространства ЕС, а также ограничений на перемещение грузов через границы Польши и стран Прибалтики.Сейчас из/в Храброво рейсы выполняют только два международных игрока: дочерний лоукостер Turkish Airlines AnadoluJet летает в Анталью, а «Белавиа» — в Минск. С 1 октября они могут совершать рейсы в другие страны из Калининграда, если у них есть допуски от этих стран на такие полеты. В теории это может позволить наладить авиасообщение с Европой через Калининград.Но, как рассказал “Ъ” источник в «Новапорте» (холдингу принадлежит аэропорт Калининграда), пока у Храброво нет предварительных договоренностей ни с одним из иностранных перевозчиков. При этом в аэропорту надеются, что превентивно упрощенный режим, введенный по их просьбе в рекордные сроки, поможет привлечь новых игроков уже в октябре.В России уже давно обсуждается распространение режима открытого неба на ряд аэропортов, но до сих пор процесс шел туго, поскольку авиавласти опасались, что российские авиакомпании потеряют пассажиропоток в пользу иностранных авиалиний. Так, с 2020 года в Пулково ввели режим открытого неба для 30 европейских стран на пять лет, но из-за начавшейся пандемии он так в полной мере и не заработал. По данным источника “Ъ” в Минтрансе, сейчас в ведомстве «нет заявок от других аэропортов на новые свободы неба».Регулирование свобод неба служит способом защиты рынка для национальных перевозчиков, «но сейчас российские перевозчики из Калининграда никуда больше летать не могут, и говорить о дискриминации не приходится», говорит эксперт Института экономики транспорта и транспортной политики НИУ ВШЭ Федор Борисов. «Если иностранцы полетят в Калининград, это повысит доходы аэропорта и Госкорпорации по организации воздушного движения, а также обеспечит туристические поступления в бюджет региона. Кроме того, Калининград сможет отчасти решить проблему грузовых перевозок»,— считает он.Теперь в теории перевозчики из Турции, ОАЭ, Египта, Эфиопии и других стран смогут летать из Калининграда в Европу. Кроме того, подчеркивает эксперт, привлечение игроков из стран Юго-Восточной Азии, которые «могут, но не летают в РФ массово», может не иметь экономического смысла из-за низкого въездного пассажиропотока. А либерализация режима для Китая может означать полную потерю китайского рынка для российских перевозчиков.Перспектива расширения режима открытого неба на другие аэропорты, по мнению Федора Борисова, может быть связана с возможным дефицитом самолетов в РФ из-за устаревания парка из-за санкций. В таком случае проблема конкуренции с международными авиакомпаниями отпадет сама собой, констатирует он.В России сохраняется явный дефицит флота для полетов за рубеж, говорит вице-президент Российского союза туриндустрии Дмитрий Горин. При этом сохраняется потенциал для въездного туризма, объемы которого сегодня оцениваются в 3–5% от уровней прошлых лет, подчеркивает он. В первую очередь в РФ могли бы полететь перевозчики из стран Юго-Восточной Азии, Ближнего Востока, из Индии и Латинской Америки. В основном это деловые туристы, и открытое небо в городах-миллионниках РФ поспособствовало бы увеличению взаимного пассажиропотока. «Многие авиакомпании хотели бы полететь из Вьетнама и других стран, но лизингодатели не позволят им этого из-за проблем со страхованием рисков»,— говорит он. Помимо опасений нарушения санкций развитие въездного туризма, по его мнению, невозможно без введения электронной визы для иностранцев, решения проблемы с платежами и борьбы с «информационным вакуумом относительно безопасности пребывания в РФ»."
business,kommersant,RWE стала вторым в США производителем электричества из солнечной энергии,2022-10-02,,https://www.kommersant.ru/doc/5593419,"Немецкая энергетическая компания RWE 1 октября сообщила о покупке всех операций по возобновляемой энергетике (ВИЭ) у американской корпорации Con Edison. Сумма сделки составляет $6,8 млрд, финансирование будет частично обеспечено продажей облигаций RWE государственному инвестфонду Катара (QIA).ВИЭ-операции Con Edison под названием Con Edison Clean Energy Businesses (Con Edison CEB) обширно представлены в США и включают в себя солнечные и ветряные станции, а также разработку и производство батарей для хранения энергии. В Con Edison CEB работает около 1400 сотрудников, компания является одним из ведущих в стране ВИЭ-операторов с уже введенными в строй мощностями на 3 ГВт (90% из них приходится на солнечные станции) и находящимися в разработке проектами еще на 7 МВт.Мощности Con Edison CEB позволят RWE выйти на четвертое место в мире среди всех ВИЭ-компаний и на второе место в США среди производителей электричества из солнечной энергии. С учетом уже имеющихся и разрабатываемых проектов Con Edison CEB общая мощность находящихся в разработке ВИЭ-проектов RWE во всем мире достигнет 24 ГВт. По мнению наблюдателей, эта сделка входит в рамки стратегии RWE по наращиванию инвестиций в возобновляемую энергетику. К 2030 году немецкая компания планирует вложить в развитие ВИЭ только в США около €15 млрд, а во всем мире — €50 млрд."
business,kommersant,Новак допустил восстановление «Северных потоков»,2022-10-02,,https://www.kommersant.ru/doc/5593412,"Первый вице-премьер Александр Новак, говоря о перспективах восстановления инфраструктуры «Северных потоков», выразил уверенность, что такие возможности будут найдены. Об этом господин Новак сказал в эфире телеканала «Россия 1» в интервью программе «Москва. Кремль. Путин».«Таких аварий еще не было. Безусловно, есть технические возможности восстанавливать инфраструктуру, это требует времени и соответствующих средств. Я уверен, что будут найдены соответствующие возможности»,— заявил Александр Новак (цитата по ТАСС).Ранее издание Tagesspiegel со ссылкой на службы безопасности ФРГ сообщало, что три поврежденные трубы могут навсегда оказаться непригодными для использования. Если их не отремонтировать быстро, в трубопроводы попадет много соленой воды, которая вызовет коррозию, отмечало издание.26 сентября стало известно об утечках на двух нитках «Северного потока» и одной нитке «Северного потока-2». 29 сентября береговая охрана Швеции выявила еще одно место утечки газа. Сейсмологические станции в Швеции и Дании зафиксировали подводные взрывы в районах, где произошли утечки. Первый был отмечен в ночь на 26 сентября, второй — вечером того же дня.Подробнее читайте в публикации «Ъ» «Обвинения поставили на поток»."
business,kommersant,Через пробоину в «Северном потоке-1» вышел весь газ,2022-10-02,,https://www.kommersant.ru/doc/5593402,"Энергетическое агентство Дании, в территориальной зоне которой 26 сентября произошло повреждение трубопроводов «Северный поток-1» и «Северный поток-2», сообщило, что давление в первом газопроводе стабилизировалось. Это интерпретируется так, что весь газ из «Северного потока-1» вышел. Давление во втором газопроводе стабилизировалось накануне, то есть он тоже остался без газа.«Компания Nord Stream AG проинформировала Датское энергетическое агентство о том, что в настоящее время на двух трубопроводах Nord Stream 1 достигнуто стабильное давление. Это указывает на то, что выброс газа из двух последних утечек также завершен»,— сообщило Энергетическое агентство Дании в Twitter.26 сентября на нитках «Северных потоков» упало давление, там были обнаружены утечки. В это время в трубопроводах было около 800 млн кубометров газа. Российские и западные власти предполагают, что утечки произошли в результате диверсий.Подробнее о ситуации — в материале «Ъ» «Обвинения поставили на поток»."
business,kommersant,Германия хочет расследовать взрывы на «Северных потоках» вместе с Данией и Швецией,2022-10-01,,https://www.kommersant.ru/doc/5593322,"Германия хочет сформировать совместную следственную группу по расследованию диверсий на «Северных потоках» вместе с Швецией и Данией, в чьих территориальных водах произошли взрывы. Об этом сообщила министр внутренних дел ФРГ Нэнси Фезер. Россия ранее заявляла, что расследование без ее участия не будет объективным. «Все данные говорят в пользу диверсии на ""Северных потоках"". <...> Мы сейчас хотим сформировать Joint Investigation Team — совместную следственную группу в соответствии с законодательством ЕС, в которую все три государства направят своих следователей»,— сказала госпожа Фезер газете Bild. Ожидается, что в работе группы будут принимать участие эксперты ВМС, полицейские и сотрудники спецслужб. Глава МВД ФРГ отметила, что Германия, Дания, Польша и Швеция вместе патрулируют морские воды.Постпред РФ при ООН Василий Небензя накануне, 30 сентября, заявил, что расследование по диверсиям на «Северных потоках» должны проводить Дания, Швеция, Россия и Германия. По его мнению, без участия Москвы расследование нельзя будет назвать объективным, так как РФ является владельцем трубопроводов.Давление на «Северных потоках» упало 26 сентября. Все стороны называют причиной диверсии или взрывы. Во время чрезвычайного происшествия в трех поврежденных нитках было около 800 млн кубометров газа.Об обсуждении диверсий в Совбезе ООН — в материале «Ъ» «Совбез ООН остался при своих»."
business,kommersant,Роскомнадзор заблокировал SoundCloud,2022-10-01,,https://www.kommersant.ru/doc/5593320,"Сервис для распространения музыки и подкастов SoundCloud заблокирован в России. Роскомнадзор принял решение после получения требования Генпрокуратуры от 22 сентября.Ведомство считает, что сервис нарушил статью 15.3 закона «Об информации», которая регламентирует ограничение доступа к информации с призывами к массовым беспорядкам, участию в несанкционированных акциях, экстремизму, а также блокировку недостоверной общественно значимой информации.В универсальном сервисе Роскомнадзора по проверке блокировок указано, что доступ ограничен к странице soundcloud.com. Блокировка одной страницы с сетевым протоколом https может привести к недоступности всего сайта в России.Сервис SoundCloud используют для распространения музыки, подкастов и другой звуковой информации. Он обладает функциями социальной сети. Сервис работает с 2008 года, компания-владелец зарегистрирована в Берлине."
business,kommersant,Eni не получит запрошенный у «Газпрома» на 2 октября газ,2022-10-01,,https://www.kommersant.ru/doc/5593316,"Итальянская компания Eni объявила, что не получит газ, запрошенный у российского поставщика «Газпром» на 2 октября. Согласно заявлению Eni, которое приводит агентство Reuters, ожидается, что ситуация не изменится до следующего дня, 3 октября.Ранее Eni сообщила, что «Газпром» прекратил поставки газа с 1 октября. «Газпром» объяснил остановку поставок в Италию действиями австрийского регулятора.Eni согласилась платить за поставляемый из РФ газ в рублях. Однако в конце августа «Газпром» сократил поставки газа в Италию с 27 млн до 20 млн куб. м.О ситуации с газом в Европе читайте в публикации «Ъ» «Великий распределитель»."
business,kommersant,Из поврежденного «Северного потока-2» вышел весь газ,2022-10-01,,https://www.kommersant.ru/doc/5593294,"Весь газ вытек из поврежденного трубопровода «Северный поток-2», в связи с чем давление стабилизировалось. Об этом сообщает Датское энергетическое агентство в Twitter со ссылкой на оператора Nord Stream 2 AG.По данным ведомства, оператор предоставил информацию, что давление в газопроводе сейчас стабильное. Это говорит о том, что весь газ из трубопровода вышел, передает SVT Nyheter.Что касается другого поврежденного трубопровода — «Северный поток-1», то пока информации о том, что утечка прекратилась, нет. Как сообщает SVT Nyheter, прогнозируется, что это произойдет 2 октября.26 сентября на трех нитках «Северных потоков» резко упало давление и были обнаружены утечки. Российские и западные власти предполагают, что это произошло в результате диверсий.Подробнее читайте в публикации «Ъ» «Обвинения поставили на поток»."
business,kommersant,"Болгария, Венгрия, Румыния и Словакия предложили план совместной доставки газа",2022-10-01,,https://www.kommersant.ru/doc/5593290,"Газотранспортные операторы Болгарии, Румынии, Венгрии и Словакии предложили доставлять газ через интегрированные газотранспортные сети. Румынская компания Transgaz опубликовала соответствующее заявление. Осуществлять поставки дополнительных объемов газа операторы Bulgartransgaz, Transgaz, FGSZ и Eustream планируют в рамках сотрудничества с Азербайджаном.За короткое время и с минимальными улучшениями существующей инфраструктуры проект сможет транспортировать до 5 млрд куб. м природного газа в год из Турции и Греции в Восточную, Центральную и Западную Европу через Болгарию, Румынию, Венгрию и Словакию, заявили компании. «Это позволило бы европейским потребителям получать больше природного газа из трубопроводов Южного газового коридора»,— говорится в их заявлении. Таким образом будет обеспечен безопасный альтернативный маршрут для поставок газа, отмечают операторы.Поставки азербайджанского газа в Европу в текущем году составят 11,5 млрд куб. м, что на 40% больше, чем в 2021 году, сказал 22 сентября министр энергетики Азербайджана Парвиз Шахбазов, его слова приводит Anadolu.30 сентября президент Азербайджана Ильхам Алиев заявил, что в ближайшие несколько лет Азербайджан в два раза увеличит экспорт газа в европейские страны в рамках меморандума с Евросоюзом."
